{
	"class_name" : "PinholeCameraParameters",
	"extrinsic" : 
	[
		0.97014602048014198,
		-0.014532360558696597,
		0.24208574812065273,
		0.0,
		-0.18171242454712291,
		-0.70463941304177224,
		0.68590370486924257,
		0.0,
		0.1606153595138094,
		-0.7094167379507893,
		-0.68624383290745206,
		0.0,
		-14.742383555350449,
		-10.978221777300899,
		33.923165652867965,
		1.0
	],
	"intrinsic" : 
	{
		"height" : 1055,
		"intrinsic_matrix" : 
		[
			913.65680099258282,
			0.0,
			0.0,
			0.0,
			913.65680099258282,
			0.0,
			959.5,
			527.0,
			1.0
		],
		"width" : 1920
	},
	"version_major" : 1,
	"version_minor" : 0
}